module,calls,inclusive_thread_cpu_ms,exclusive_thread_cpu_ms
Tracking.Track,2431,7693.124578000,703.312056000
Tracking.TrackLocalMap,1368,2589.020463000,19.343810000
Tracking.TrackWithMotionModel,1367,1518.907187000,627.392335000
Tracking.TrackReferenceKeyFrame,3,4.824735000,0.428796000
Tracking.Relocalization,89,145.313368000,58.128636000
Tracking.MonocularInitialization,973,2704.382747000,2692.128481000
Tracking.CreateInitialMapMonocular,2,12.254266000,1.117707000
Tracking.SearchLocalPoints,1368,677.687587000,677.687587000
Tracking.UpdateLocalMap,1368,938.167966000,938.167966000
Tracking.CreateNewKeyFrame,488,27.364022000,27.364022000
ORBextractor.total,2431,21333.686222000,7624.009669000
ORBextractor.ComputePyramid,2431,2295.782695000,2295.782695000
ORBextractor.ComputeKeyPointsOctTree,2431,11413.893858000,11413.893858000
Frame.ComputeBoW,92,90.999532000,90.999532000
KeyFrame.ComputeBoW,496,1008.789096000,1008.789096000
LocalMapping.ProcessNewKeyFrame,492,3080.732247000,863.973885000
LocalMapping.CreateNewMapPoints,492,3792.150602000,3718.008231000
LocalMapping.SearchInNeighbors,490,4233.464054000,2622.251254000
LocalMapping.MapPointCulling,492,31.062709000,31.062709000
LocalMapping.KeyFrameCulling,490,4552.231583000,4552.231583000
Optimizer.LocalBundleAdjustment,488,31197.770455000,31197.770455000
Optimizer.PoseOptimization,2736,1845.917091000,1845.917091000
Optimizer.BundleAdjustment,2,1.930347000,1.930347000
Optimizer.GlobalBundleAdjustemnt,2,1.949763000,0.019416000
LoopClosing.NewDetectCommonRegions,491,1392.972216000,1392.972216000
LoopClosing.CorrectLoop,0,0.000000000,0.000000000
LoopClosing.MergeLocal,0,0.000000000,0.000000000
LoopClosing.MergeLocal2,0,0.000000000,0.000000000
LoopClosing.RunGlobalBundleAdjustment,0,0.000000000,0.000000000
MapPoint.ComputeDistinctiveDescriptors,333972,2902.511233000,2902.511233000
LocalMapping.thread_total,1,47519.376271000,
LoopClosing.thread_total,1,1976.171876000,
